"downloaded","item_id","item_definition","category","8","9","11","12","13","14","15","16"
2023-12-01,36,"aïe","sounds",0.15,0.25,0.21,0.38,0.41,0.38,0.5,0.6
2023-12-01,37,"allô","sounds",0.09,0,0.29,0.5,0.52,0.54,1,0.4
2023-12-01,38,"bêe bêe","sounds",0.09,0,0.29,0.19,0.3,0.17,1,0.8
2023-12-01,39,"cocorico","sounds",0.06,0,0.11,0.19,0.2,0.08,0.5,0
2023-12-01,40,"coin-coin","sounds",0.04,0,0.14,0.08,0.22,0.04,0.5,0.6
2023-12-01,41,"grrrr","sounds",0.09,0,0.14,0.12,0.2,0.33,0.5,0.2
2023-12-01,42,"meuh","sounds",0.13,0,0.29,0.12,0.35,0.25,1,0.4
2023-12-01,43,"miam-miam","sounds",0.11,0,0.36,0.35,0.41,0.33,1,0.2
2023-12-01,44,"miaou","sounds",0.13,0,0.39,0.23,0.51,0.67,1,0.8
2023-12-01,45,"ohoh","sounds",0.06,0,0.21,0.35,0.19,0.33,0.5,0.4
2023-12-01,46,"ouaf-ouaf","sounds",0.06,0,0.32,0.19,0.47,0.42,0.5,0.8
2023-12-01,47,"tchou tchou","sounds",0.02,0,0.11,0.08,0.21,0.08,1,0.4
2023-12-01,48,"vroum","sounds",0.21,0,0.21,0.31,0.31,0.12,1,0
2023-12-01,49,"ainsi font font","games_routines",0.36,0.25,0.61,0.69,0.56,0.42,0.5,0.6
2023-12-01,50,"attends","games_routines",0.17,0,0.39,0.5,0.24,0.04,0.5,0.8
2023-12-01,51,"au revoir","games_routines",0.32,0.25,0.75,0.58,0.74,0.75,0.5,1
2023-12-01,52,"bain","games_routines",0.3,0,0.54,0.5,0.67,0.71,0.5,0.6
2023-12-01,53,"bonjour","games_routines",0.32,0,0.46,0.5,0.57,0.54,1,0.8
2023-12-01,54,"bonne nuit","games_routines",0.23,0.75,0.57,0.42,0.59,0.54,0.5,0.8
2023-12-01,55,"bravo","games_routines",0.34,0.5,0.86,0.73,0.76,0.75,1,0.8
2023-12-01,56,"chut","games_routines",0.19,0.25,0.32,0.27,0.37,0.25,0.5,0.6
2023-12-01,57,"coucou","games_routines",0.45,0.75,0.79,0.42,0.58,0.75,1,0.4
2023-12-01,58,"déjeuner","games_routines",0,0,0.07,0.08,0.22,0.04,0.5,0.2
2023-12-01,59,"dîner","games_routines",0.04,0,0.14,0.27,0.22,0.08,0.5,0
2023-12-01,60,"merci","games_routines",0.06,0.25,0.46,0.27,0.44,0.54,0.5,0.2
2023-12-01,61,"ne fais pas","games_routines",0.02,0.25,0.36,0.38,0.34,0.25,0.5,0.4
2023-12-01,62,"non","games_routines",0.47,0.25,0.79,0.73,0.76,0.79,1,0.4
2023-12-01,63,"oui","games_routines",0.3,0.25,0.64,0.46,0.56,0.58,1,0.8
2023-12-01,64,"petit déjeuner","games_routines",0,0,0.07,0.08,0.16,0.17,0.5,0.2
2023-12-01,65,"s'il te plaît","games_routines",0,0,0.14,0.15,0.19,0.21,0.5,0.2
2023-12-01,66,"salut","games_routines",0.04,0,0.07,0.27,0.21,0.17,0.5,0.4
2023-12-01,67,"sieste","games_routines",0.11,0.25,0.29,0.27,0.37,0.38,0.5,0
2023-12-01,68,"veux","games_routines",0.06,0,0.14,0.19,0.15,0.04,0.5,0.2
2023-12-01,69,"abeille","animals",0.13,0,0.07,0.27,0.15,0.04,0.5,0.4
2023-12-01,70,"agneau","animals",0.02,0,0,0.08,0.02,0,0.5,0
2023-12-01,71,"âne","animals",0.13,0,0.07,0.31,0.12,0,0.5,0
2023-12-01,72,"animal","animals",0,0,0.07,0.04,0.05,0.04,0.5,0
2023-12-01,73,"bébé chat","animals",0.02,0,0.11,0.08,0.08,0.04,0.5,0
2023-12-01,74,"bébé chien","animals",0,0,0.11,0,0.06,0.04,0.5,0.2
2023-12-01,75,"biche","animals",0,0,0,0,0,0,0,0
2023-12-01,76,"canard","animals",0.04,0,0.18,0.15,0.27,0.12,0.5,0.2
2023-12-01,77,"chat","animals",0.17,0,0.46,0.35,0.51,0.62,1,0.4
2023-12-01,78,"cheval","animals",0.04,0,0.21,0.23,0.22,0.08,0.5,0.4
2023-12-01,79,"chèvre","animals",0,0,0.11,0.12,0.07,0,0.5,0
2023-12-01,80,"chien","animals",0.09,0,0.36,0.27,0.48,0.33,0.5,0.6
2023-12-01,81,"cochon","animals",0.09,0,0.11,0.12,0.2,0.08,0.5,0.4
2023-12-01,82,"dindon","animals",0,0,0,0.04,0,0,0,0
2023-12-01,83,"écureuil","animals",0.04,0,0,0.04,0.12,0.04,0.5,0
2023-12-01,84,"éléphant","animals",0,0,0.07,0.19,0.21,0.12,0.5,0.2
2023-12-01,85,"girafe","animals",0.09,0,0.14,0.15,0.17,0.12,0.5,0.6
2023-12-01,86,"grenouille","animals",0.04,0,0.07,0.15,0.15,0.12,0.5,0.2
2023-12-01,87,"hibou","animals",0.06,0,0.07,0.19,0.09,0.04,0.5,0
2023-12-01,88,"lapin","animals",0.09,0,0.21,0.27,0.19,0.29,0.5,0
2023-12-01,89,"lion","animals",0.04,0,0.11,0.27,0.22,0.12,0.5,0.4
2023-12-01,90,"mouton","animals",0.19,0,0.14,0.42,0.27,0.08,0.5,0.2
2023-12-01,91,"nounours","animals",0.04,0,0.11,0.12,0.13,0,0.5,0.2
2023-12-01,92,"oie","animals",0,0,0.04,0,0.05,0,0.5,0.2
2023-12-01,93,"oiseau","animals",0.02,0,0.18,0.19,0.29,0.21,0.5,0
2023-12-01,94,"ours","animals",0.09,0,0.11,0.08,0.13,0.08,0.5,0.2
2023-12-01,95,"papillon","animals",0.06,0,0.07,0.19,0.14,0.04,0.5,0.2
2023-12-01,96,"petite bête","animals",0.04,0,0.11,0.08,0.08,0.08,0.5,0
2023-12-01,97,"pingouin","animals",0.02,0,0,0.04,0.02,0.04,0,0.2
2023-12-01,98,"poisson","animals",0.04,0,0.14,0.23,0.27,0.12,0.5,0.2
2023-12-01,99,"poney","animals",0,0,0.04,0.08,0.05,0,0,0.4
2023-12-01,100,"poule","animals",0.02,0,0.07,0.15,0.22,0.08,0.5,0.2
2023-12-01,101,"singe","animals",0,0,0.14,0.08,0.15,0.12,0.5,0.2
2023-12-01,102,"souris","animals",0.02,0,0.11,0.12,0.13,0.12,0.5,0.2
2023-12-01,103,"tigre","animals",0,0,0.04,0.08,0.09,0.08,0.5,0.2
2023-12-01,104,"tortue","animals",0.04,0,0.07,0.23,0.12,0.12,0.5,0.2
2023-12-01,105,"vache","animals",0.06,0,0.25,0.23,0.23,0.12,0.5,0.2
2023-12-01,106,"baguette","food_drink",0,0,0.04,0.15,0.06,0.04,0.5,0
2023-12-01,107,"banane","food_drink",0.02,0,0.25,0.35,0.21,0,0.5,0
2023-12-01,108,"beurre","food_drink",0.02,0,0.07,0,0.07,0,0,0.2
2023-12-01,109,"boisson","food_drink",0.04,0,0.04,0.08,0.06,0,0.5,0
2023-12-01,110,"café","food_drink",0.04,0,0.11,0.04,0.09,0.04,0,0
2023-12-01,111,"carotte","food_drink",0.02,0,0.18,0.12,0.12,0.04,0.5,0.4
2023-12-01,112,"céréales","food_drink",0,0,0.07,0,0.1,0,0,0.4
2023-12-01,113,"clémentine","food_drink",0,0,0.04,0.08,0.05,0.08,0,0.2
2023-12-01,114,"cornflakes","food_drink",0.06,0,0,0.15,0.02,0,0,0
2023-12-01,115,"eau","food_drink",0.13,0.25,0.36,0.46,0.55,0.46,1,0.6
2023-12-01,116,"fromage","food_drink",0.02,0,0.07,0.08,0.2,0.25,0.5,0.4
2023-12-01,117,"gâteau","food_drink",0.11,0,0.18,0.5,0.38,0.29,1,0.8
2023-12-01,118,"gâteaux apéro","food_drink",0.04,0,0,0.08,0.03,0,0,0
2023-12-01,119,"glace","food_drink",0.04,0,0.04,0.08,0.05,0,0,0.2
2023-12-01,120,"jus de fruit","food_drink",0.02,0,0,0,0.03,0.04,0.5,0
2023-12-01,121,"lait","food_drink",0.15,0.25,0.36,0.38,0.44,0.33,1,0.6
2023-12-01,122,"nourriture","food_drink",0,0,0.07,0.04,0.07,0,0,0.2
2023-12-01,123,"œuf","food_drink",0,0,0.07,0,0.03,0.04,0.5,0
2023-12-01,124,"orange","food_drink",0.06,0,0.07,0.19,0.09,0,0.5,0.4
2023-12-01,125,"pain","food_drink",0.06,0,0.46,0.27,0.59,0.5,0.5,0.4
2023-12-01,126,"pâtes","food_drink",0.02,0,0.07,0.04,0.1,0.12,0,0.2
2023-12-01,127,"petits gâteaux","food_drink",0.04,0,0.04,0.19,0.21,0.21,0.5,0.2
2023-12-01,128,"petits pois","food_drink",0,0,0.04,0.04,0.06,0.04,0.5,0
2023-12-01,129,"pizza","food_drink",0.04,0,0,0.08,0.05,0,0,0
2023-12-01,130,"poisson","food_drink",0.09,0,0.11,0.12,0.16,0.04,0.5,0
2023-12-01,131,"pomme","food_drink",0.02,0,0.11,0.08,0.22,0.08,0.5,0.4
2023-12-01,132,"poulet","food_drink",0,0,0.07,0.04,0.08,0.04,0.5,0.4
2023-12-01,133,"purée","food_drink",0.11,0,0.14,0.12,0.29,0.25,0.5,0.2
2023-12-01,134,"raisin","food_drink",0,0,0.07,0,0.03,0,0.5,0.2
2023-12-01,135,"soupe","food_drink",0.04,0,0.07,0.12,0.08,0.04,0.5,0.2
2023-12-01,136,"spaghetti","food_drink",0,0,0,0,0.01,0,0,0
2023-12-01,137,"sucre","food_drink",0,0,0,0,0.02,0,0.5,0
2023-12-01,138,"tartine","food_drink",0.02,0,0,0,0.08,0.08,0,0
2023-12-01,139,"viande","food_drink",0.06,0,0.11,0.08,0.1,0,0.5,0
2023-12-01,140,"balle","toys",0.11,0,0.39,0.35,0.35,0.33,0.5,0.6
2023-12-01,141,"ballon","toys",0.04,0,0.29,0.31,0.37,0.25,1,0.6
2023-12-01,142,"bulles","toys",0,0,0.14,0.08,0.13,0.04,0.5,0.2
2023-12-01,143,"crayon","toys",0,0,0.07,0.15,0.27,0.04,1,0.2
2023-12-01,144,"cube","toys",0.04,0.25,0.11,0.15,0.21,0.12,0.5,0.6
2023-12-01,145,"livre","toys",0.13,0.25,0.46,0.5,0.49,0.54,0.5,0.2
2023-12-01,146,"poupée","toys",0.02,0,0.11,0.08,0.14,0.08,0.5,0.6
2023-12-01,147,"aïe bobo","body_parts",0.13,0.25,0.07,0.35,0.24,0.04,0.5,0.4
2023-12-01,148,"bouche","body_parts",0.13,0,0.29,0.23,0.36,0.29,0.5,0.4
2023-12-01,149,"bras","body_parts",0.04,0,0.14,0.19,0.2,0.17,0.5,0.4
2023-12-01,150,"cheveux","body_parts",0.06,0.25,0.25,0.38,0.3,0.29,0,0.8
2023-12-01,151,"cœur","body_parts",0,0,0,0.04,0.02,0.04,0.5,0.4
2023-12-01,152,"dent","body_parts",0.04,0.25,0.21,0.5,0.36,0.25,0.5,0.4
2023-12-01,153,"doigt","body_parts",0.09,0,0.14,0.15,0.17,0.08,0.5,0.4
2023-12-01,154,"doigt de pied","body_parts",0.06,0,0.07,0.12,0.07,0,0.5,0.2
2023-12-01,155,"figure","body_parts",0.06,0,0.04,0.08,0.17,0.08,0,0.4
2023-12-01,156,"genou","body_parts",0,0,0.04,0.08,0.06,0,0.5,0
2023-12-01,157,"jambe","body_parts",0.04,0,0.18,0.27,0.19,0.04,0.5,0.2
2023-12-01,158,"joue","body_parts",0.02,0,0.04,0.12,0.12,0.08,0.5,0.2
2023-12-01,159,"langue","body_parts",0.02,0,0.07,0,0.13,0,0.5,0.4
2023-12-01,160,"main","body_parts",0.11,0,0.29,0.35,0.34,0.42,0.5,0.6
2023-12-01,161,"nez","body_parts",0.13,0.25,0.29,0.23,0.31,0.42,0.5,0.4
2023-12-01,162,"nombril","body_parts",0.02,0,0.11,0.04,0.1,0.04,0.5,0.6
2023-12-01,163,"oreille","body_parts",0.04,0.25,0.25,0.19,0.24,0.17,0.5,0.4
2023-12-01,164,"pied","body_parts",0.11,0,0.36,0.42,0.42,0.33,0.5,0.8
2023-12-01,165,"pouce","body_parts",0.13,0,0.07,0.38,0.17,0.04,0.5,0.4
2023-12-01,166,"tête","body_parts",0.13,0,0.21,0.31,0.37,0.17,0.5,0.6
2023-12-01,167,"ventre","body_parts",0.06,0,0.21,0.15,0.2,0.21,0.5,0.2
2023-12-01,168,"yeux","body_parts",0.09,0,0.14,0.35,0.3,0.17,0.5,0.8
2023-12-01,169,"bébé","people",0.21,0.25,0.29,0.23,0.41,0.25,1,0.6
2023-12-01,170,"dame","people",0.02,0,0.04,0.19,0.16,0.04,0.5,0.4
2023-12-01,171,"enfant","people",0.04,0.25,0.11,0.04,0.08,0.08,0.5,0
2023-12-01,172,"fille","people",0.02,0.25,0.04,0.08,0.14,0.04,0.5,0.4
2023-12-01,173,"frère","people",0.13,0,0.11,0.27,0.16,0,0.5,0
2023-12-01,174,"garçon","people",0.02,0.25,0.04,0,0.07,0.04,0,0.6
2023-12-01,175,"gens","people",0.02,0,0,0,0.07,0.04,0.5,0.2
2023-12-01,176,"grand-mère","people",0.13,0.25,0.32,0.19,0.2,0.29,0.5,0.2
2023-12-01,177,"grand-père","people",0.09,0.25,0.25,0.19,0.22,0.29,0,0
2023-12-01,178,"maître/sse","people",0.02,0,0,0,0.02,0,0.5,0
2023-12-01,179,"maman","people",0.64,0.5,0.79,0.73,0.67,0.79,0.5,0.8
2023-12-01,180,"nom de l'enfant","people",0.43,0.5,0.54,0.46,0.51,0.54,0.5,0.4
2023-12-01,181,"nom de la nounou","people",0.11,0.25,0.29,0.27,0.23,0.29,0.5,0.4
2023-12-01,182,"nounou","people",0.04,0.25,0.18,0.15,0.15,0.17,0.5,0.2
2023-12-01,183,"oncle","people",0,0,0.04,0.04,0.05,0.04,0,0
2023-12-01,184,"papa","people",0.62,0.5,0.79,0.58,0.64,0.79,0.5,0.8
2023-12-01,185,"personne","people",0,0,0.04,0,0.07,0.04,0,0
2023-12-01,186,"sœur","people",0.13,0,0.04,0.19,0.16,0.04,0,0.4
2023-12-01,187,"tante","people",0.09,0,0.11,0.15,0.21,0.17,0.5,0.4
2023-12-01,188,"basket","clothing",0,0,0,0.08,0.05,0,0,0.4
2023-12-01,189,"bavoir/bavette","clothing",0.13,0,0.21,0.23,0.35,0.25,0.5,0.6
2023-12-01,190,"body","clothing",0.09,0.25,0.18,0.27,0.28,0.29,0.5,0.2
2023-12-01,191,"bottes","clothing",0.04,0,0,0,0.02,0,0,0.4
2023-12-01,192,"boutons","clothing",0.02,0,0.07,0.15,0.05,0,0.5,0
2023-12-01,193,"ceinture","clothing",0.02,0,0,0,0.03,0,0,0.2
2023-12-01,194,"chapeau","clothing",0,0,0.11,0.15,0.15,0.12,0.5,0.2
2023-12-01,195,"chaussettes","clothing",0.13,0.25,0.5,0.42,0.45,0.38,0.5,0.6
2023-12-01,196,"chausson/pantoufle","clothing",0.09,0,0.11,0.08,0.21,0.21,0.5,0.2
2023-12-01,197,"chaussure","clothing",0.09,0,0.39,0.35,0.5,0.46,0.5,0.8
2023-12-01,198,"chemise","clothing",0.02,0.25,0,0.19,0.12,0,0.5,0.2
2023-12-01,199,"collants","clothing",0.04,0,0.07,0.12,0.05,0.08,0.5,0
2023-12-01,200,"collier","clothing",0,0,0.04,0.12,0.06,0.08,0.5,0.2
2023-12-01,201,"combinaison de ski","clothing",0.04,0,0,0,0.06,0,0,0.2
2023-12-01,202,"couche","clothing",0.21,0.25,0.36,0.38,0.47,0.46,1,0.8
2023-12-01,203,"culotte/slip","clothing",0.02,0,0,0,0,0,0.5,0.4
2023-12-01,204,"écharpe","clothing",0.09,0,0.04,0.19,0.15,0.08,0.5,0.4
2023-12-01,205,"gants","clothing",0.02,0,0,0.04,0.01,0,0,0
2023-12-01,206,"grenouillère","clothing",0,0.25,0,0.08,0.05,0,0,0.2
2023-12-01,207,"jeans","clothing",0.04,0.25,0,0.12,0.07,0,0,0
2023-12-01,208,"manteau","clothing",0.04,0,0.25,0.23,0.31,0.33,1,0.4
2023-12-01,209,"moufles","clothing",0,0,0,0,0,0.04,0,0.2
2023-12-01,210,"pantalon","clothing",0.09,0.25,0.21,0.31,0.29,0.17,0.5,0.4
2023-12-01,211,"perles","clothing",0.02,0,0,0,0.02,0,0,0.2
2023-12-01,212,"pull","clothing",0.09,0,0.18,0.27,0.15,0.08,0.5,0.2
2023-12-01,213,"pyjama","clothing",0.09,0.25,0.21,0.15,0.35,0.33,1,0.6
2023-12-01,214,"robe","clothing",0.02,0,0,0.08,0.1,0,0.5,0.2
2023-12-01,215,"salopette","clothing",0.02,0,0,0.08,0.08,0,0.5,0
2023-12-01,216,"short","clothing",0.02,0.25,0,0.12,0.09,0,0,0.2
2023-12-01,217,"sweat","clothing",0,0,0,0,0.02,0,0,0
2023-12-01,218,"tee-shirt","clothing",0.02,0.25,0.14,0.08,0.12,0.08,0.5,0
2023-12-01,219,"veste","clothing",0,0,0,0.04,0.14,0.04,0.5,0.2
2023-12-01,220,"argent","household",0.02,0,0,0.08,0.05,0,0,0.2
2023-12-01,221,"aspirateur","household",0.06,0,0.18,0,0.21,0.17,0.5,0.4
2023-12-01,222,"assiette","household",0,0,0.11,0.12,0.16,0.04,0.5,0
2023-12-01,223,"balai","household",0,0,0,0,0.07,0.04,0.5,0
2023-12-01,224,"biberon","household",0.11,0,0,0.12,0.3,0.5,0,0.2
2023-12-01,225,"boîte","household",0.02,0,0.07,0.08,0.13,0.08,0.5,0.4
2023-12-01,226,"bol","household",0.02,0.25,0,0.08,0.13,0.04,0,0.2
2023-12-01,227,"bouteille","household",0.06,0,0.07,0.08,0.17,0.12,0.5,0
2023-12-01,228,"brosse","household",0.02,0.25,0.11,0.15,0.23,0.12,0.5,0
2023-12-01,229,"brosse à dent","household",0.06,0,0.07,0.15,0.31,0.12,0.5,0.2
2023-12-01,230,"ciseaux","household",0.02,0.25,0.04,0.08,0.09,0,0,0.2
2023-12-01,231,"clefs","household",0.11,0.25,0.07,0.12,0.23,0.17,0.5,0.4
2023-12-01,232,"couverture","household",0.11,0.25,0.07,0.12,0.12,0.08,0.5,0.2
2023-12-01,233,"cuillère","household",0.11,0.25,0.18,0.19,0.3,0.29,0.5,0
2023-12-01,234,"dent","household",0.04,0.25,0.11,0.35,0.17,0,0.5,0.4
2023-12-01,235,"feuille","household",0.06,0.25,0.07,0.15,0.09,0.04,0.5,0.2
2023-12-01,236,"fourchette","household",0.06,0,0.07,0.12,0.19,0.08,0.5,0.2
2023-12-01,237,"horloge","household",0,0,0,0,0,0,0,0.2
2023-12-01,238,"lampe","household",0.02,0,0.04,0.08,0.09,0.04,0.5,0.2
2023-12-01,239,"lumière","household",0.09,0,0.07,0.15,0.13,0.08,0.5,0.2
2023-12-01,240,"lunettes","household",0.06,0.25,0.11,0.23,0.29,0.12,0.5,0.6
2023-12-01,241,"marteau","household",0,0,0,0,0.02,0.04,0,0
2023-12-01,242,"médicaments","household",0.04,0,0.11,0.15,0.1,0.08,0,0.4
2023-12-01,243,"montre","household",0.02,0.25,0.11,0.04,0.1,0.04,0.5,0
2023-12-01,244,"musique","household",0.09,0.25,0.11,0.23,0.31,0.25,0.5,0.2
2023-12-01,245,"oreiller","household",0.04,0,0.04,0.08,0.1,0,0.5,0
2023-12-01,246,"papier","household",0.04,0.25,0.04,0.04,0.09,0,0.5,0.2
2023-12-01,247,"peigne","household",0.02,0,0.07,0.08,0.14,0.04,0,0.4
2023-12-01,248,"photo","household",0.02,0.25,0.07,0.04,0.14,0.08,0.5,0.6
2023-12-01,249,"plante","household",0.02,0.25,0.07,0.12,0.05,0,0.5,0.2
2023-12-01,250,"plat","household",0.02,0,0.04,0.04,0.05,0,0.5,0.2
2023-12-01,251,"porte-monnaie","household",0,0,0,0,0.05,0,0,0.2
2023-12-01,252,"poubelle","household",0.02,0.25,0.14,0.12,0.21,0.17,0.5,0.4
2023-12-01,253,"radio","household",0.02,0,0.04,0,0.03,0,0.5,0.2
2023-12-01,254,"savon","household",0.02,0.25,0.04,0.15,0.17,0.12,0.5,0.4
2023-12-01,255,"serviette","household",0.04,0,0.07,0.19,0.19,0.04,0.5,0
2023-12-01,256,"sirop","household",0,0,0,0.08,0.05,0,0,0.2
2023-12-01,257,"sous/pièces","household",0,0,0,0,0.03,0,0,0
2023-12-01,258,"sucette","household",0.04,0,0.07,0.08,0.13,0.17,0,0.6
2023-12-01,259,"tasse","household",0.02,0,0,0,0.09,0.04,0.5,0.2
2023-12-01,260,"télécommande","household",0.06,0.25,0.14,0.15,0.29,0.17,0.5,0.2
2023-12-01,261,"téléphone","household",0.09,0.25,0.25,0.27,0.43,0.33,0.5,0.6
2023-12-01,262,"verre","household",0.02,0,0.07,0.04,0.15,0.08,0.5,0
2023-12-01,263,"baignoire","furniture_rooms",0.09,0.25,0.21,0.23,0.28,0.25,0.5,0.2
2023-12-01,264,"berceau","furniture_rooms",0.06,0,0,0.12,0.06,0,0,0.2
2023-12-01,265,"canapé","furniture_rooms",0.06,0.25,0.21,0.23,0.27,0.17,0.5,0.6
2023-12-01,266,"chaise","furniture_rooms",0,0,0.18,0.23,0.29,0.12,0.5,0.2
2023-12-01,267,"chaise haute","furniture_rooms",0.02,0,0.11,0.12,0.16,0.25,0.5,0.2
2023-12-01,268,"chambre","furniture_rooms",0.04,0.25,0.32,0.19,0.34,0.29,0.5,0.4
2023-12-01,269,"cuisinière","furniture_rooms",0.02,0,0.04,0.04,0.03,0,0,0.2
2023-12-01,270,"escalier","furniture_rooms",0.09,0.25,0.07,0.15,0.26,0.08,0.5,0.2
2023-12-01,271,"évier","furniture_rooms",0,0,0,0.08,0.03,0,0.5,0
2023-12-01,272,"fauteuil","furniture_rooms",0,0.25,0.07,0.08,0.02,0.04,0.5,0
2023-12-01,273,"fenêtre","furniture_rooms",0.04,0.25,0.11,0.12,0.15,0.17,0.5,0.4
2023-12-01,274,"four","furniture_rooms",0.04,0,0,0.04,0.12,0.08,0.5,0.2
2023-12-01,275,"frigo","furniture_rooms",0,0.25,0.11,0.04,0.13,0.04,0.5,0.2
2023-12-01,276,"garage","furniture_rooms",0,0,0,0.08,0.02,0,0,0.4
2023-12-01,277,"lavabo","furniture_rooms",0,0.25,0,0,0.05,0,0.5,0
2023-12-01,278,"lit","furniture_rooms",0.09,0.25,0.32,0.38,0.5,0.42,1,0.2
2023-12-01,279,"parc","furniture_rooms",0.02,0,0.18,0.23,0.13,0.12,0.5,0
2023-12-01,280,"porte","furniture_rooms",0,0.25,0.14,0.19,0.33,0.08,0.5,0.2
2023-12-01,281,"pot","furniture_rooms",0,0,0,0.04,0.05,0,0,0.2
2023-12-01,282,"salle de bain","furniture_rooms",0.02,0.25,0.21,0.19,0.31,0.21,0.5,0.2
2023-12-01,283,"salon","furniture_rooms",0.09,0,0.14,0.23,0.24,0.08,0.5,0.2
2023-12-01,284,"table","furniture_rooms",0,0.25,0.11,0.19,0.27,0.12,0.5,0.4
2023-12-01,285,"télé","furniture_rooms",0.09,0,0.11,0.19,0.13,0,0.5,0
2023-12-01,286,"tiroir","furniture_rooms",0.02,0,0.11,0.15,0.1,0.04,0.5,0
2023-12-01,287,"arbre","outside_places",0.02,0.25,0.18,0.08,0.15,0.04,0.5,0.2
2023-12-01,288,"balançoire","outside_places",0.02,0,0.11,0,0.06,0.04,0.5,0.2
2023-12-01,289,"caillou","outside_places",0.06,0,0.04,0.19,0.16,0.04,0.5,0.2
2023-12-01,290,"ciel","outside_places",0,0.25,0.07,0,0.06,0,0.5,0
2023-12-01,291,"cour","outside_places",0.06,0,0,0.19,0.06,0,0.5,0
2023-12-01,292,"crèche","outside_places",0.11,0,0.18,0.19,0.38,0.33,1,0.2
2023-12-01,293,"dehors","outside_places",0.04,0.25,0.07,0.08,0.21,0.17,0.5,0.4
2023-12-01,294,"eau","outside_places",0.15,0.25,0.18,0.46,0.31,0.04,1,0.4
2023-12-01,295,"école","outside_places",0.04,0,0,0.19,0.09,0.04,0.5,0.4
2023-12-01,296,"église","outside_places",0.04,0,0,0.15,0.1,0,0.5,0.2
2023-12-01,297,"étoile","outside_places",0.02,0.25,0.04,0.04,0.07,0,0,0.2
2023-12-01,298,"fête","outside_places",0.02,0,0,0.08,0.06,0,0.5,0
2023-12-01,299,"fleur","outside_places",0.02,0.25,0.07,0.15,0.2,0.17,0.5,0.4
2023-12-01,300,"garderie","outside_places",0,0,0.04,0.04,0.01,0,0,0.6
2023-12-01,301,"jardin","outside_places",0.02,0,0.07,0.04,0.14,0.12,0.5,0
2023-12-01,302,"lune","outside_places",0,0.25,0.04,0,0.02,0,0,0.4
2023-12-01,303,"magasin","outside_places",0.02,0,0.07,0.12,0.12,0,0,0.2
2023-12-01,304,"maison","outside_places",0.11,0.25,0.25,0.27,0.35,0.25,1,0.6
2023-12-01,305,"neige","outside_places",0.02,0,0,0,0.05,0,0,0.2
2023-12-01,306,"parc","outside_places",0.02,0,0.14,0.19,0.22,0.08,1,0.2
2023-12-01,307,"pelle","outside_places",0.02,0,0,0,0.06,0.08,0.5,0.4
2023-12-01,308,"piscine","outside_places",0,0.25,0.04,0.04,0.12,0,0,0.6
2023-12-01,309,"plage","outside_places",0,0,0.04,0.08,0.09,0.04,0,0.2
2023-12-01,310,"pluie","outside_places",0.06,0.25,0.07,0.15,0.12,0.04,0.5,0
2023-12-01,311,"soleil","outside_places",0.04,0,0.04,0.12,0.15,0,0.5,0.2
2023-12-01,312,"toboggan","outside_places",0.11,0,0.07,0.23,0.26,0.17,0,0
2023-12-01,313,"travail","outside_places",0.04,0,0.11,0.08,0.12,0,0.5,0
2023-12-01,314,"zoo","outside_places",0.02,0,0,0,0.03,0,0,0.2
2023-12-01,315,"avion","vehicles",0.02,0.25,0.04,0.04,0.1,0.08,0.5,0.2
2023-12-01,316,"bus","vehicles",0.09,0,0.07,0.08,0.08,0.04,0.5,0.2
2023-12-01,317,"camion","vehicles",0.06,0.25,0.11,0.08,0.09,0.04,0.5,0.2
2023-12-01,318,"camion de pompier","vehicles",0.02,0,0,0,0.05,0,0,0.2
2023-12-01,319,"moto","vehicles",0.04,0,0.07,0.04,0.08,0.04,0,0.2
2023-12-01,320,"poussette","vehicles",0.32,0.25,0.39,0.46,0.53,0.42,1,1
2023-12-01,321,"train","vehicles",0.06,0.25,0.14,0.12,0.14,0.04,1,0.2
2023-12-01,322,"vélo","vehicles",0.02,0.25,0.07,0.08,0.13,0.04,0.5,0.4
2023-12-01,323,"voiture","vehicles",0.13,0.25,0.29,0.27,0.44,0.17,1,0.4
2023-12-01,324,"attention","descriptive_words",0.21,0.25,0.46,0.38,0.53,0.46,0.5,0.6
2023-12-01,325,"avoir faim","descriptive_words",0.15,0.25,0.21,0.5,0.37,0.17,1,0.4
2023-12-01,326,"avoir peur","descriptive_words",0.04,0.25,0.07,0.12,0.03,0,0.5,0.2
2023-12-01,327,"avoir soif","descriptive_words",0.06,0.25,0.14,0.27,0.27,0.17,1,0.2
2023-12-01,328,"beau/belle","descriptive_words",0.15,0,0.25,0.19,0.2,0,0.5,0.2
2023-12-01,329,"bien","descriptive_words",0.09,0,0.11,0.23,0.27,0.29,0.5,0.4
2023-12-01,330,"blessé","descriptive_words",0.09,0,0,0.23,0.07,0,0,0.2
2023-12-01,331,"bleu","descriptive_words",0.02,0,0,0,0.03,0,0,0
2023-12-01,332,"bon/ne","descriptive_words",0.17,0,0.14,0.38,0.26,0.12,0,0.2
2023-12-01,333,"cassé","descriptive_words",0.04,0,0.07,0,0.09,0.12,0,0.2
2023-12-01,334,"chaud/e","descriptive_words",0.09,0.25,0.18,0.19,0.2,0.12,0.5,0.2
2023-12-01,335,"content/e","descriptive_words",0.04,0.25,0.14,0.08,0.19,0.08,0.5,0.2
2023-12-01,336,"dégoûtant/e","descriptive_words",0.04,0,0.04,0.08,0.08,0,0,0.2
2023-12-01,337,"doux/ce","descriptive_words",0.09,0.25,0.14,0.19,0.13,0,0.5,0.2
2023-12-01,338,"dur","descriptive_words",0,0,0.04,0,0.03,0,0,0
2023-12-01,339,"endormi","descriptive_words",0.04,0,0.04,0.12,0.12,0,0.5,0.2
2023-12-01,340,"fatigué","descriptive_words",0.17,0.25,0.36,0.35,0.38,0.33,1,0.2
2023-12-01,341,"froid","descriptive_words",0.04,0.25,0.14,0.08,0.09,0.08,0.5,0.2
2023-12-01,342,"gentil/le","descriptive_words",0.04,0,0.14,0.19,0.14,0,0,0.4
2023-12-01,343,"grand","descriptive_words",0.13,0,0.07,0.27,0.12,0.08,0.5,0.2
2023-12-01,344,"joli","descriptive_words",0.11,0,0.11,0.12,0.12,0,0.5,0
2023-12-01,345,"malade","descriptive_words",0.11,0,0.07,0.27,0.15,0.04,0.5,0.6
2023-12-01,346,"méchant/e","descriptive_words",0.06,0,0,0.15,0.13,0,0.5,0.4
2023-12-01,347,"mignon/ne","descriptive_words",0.11,0,0.04,0.12,0.12,0.04,0.5,0.4
2023-12-01,348,"mouillé","descriptive_words",0.06,0.25,0.07,0.12,0.13,0,0.5,0.2
2023-12-01,349,"parti","descriptive_words",0,0,0.18,0.23,0.16,0.33,0.5,0
2023-12-01,350,"pas bon","descriptive_words",0.06,0,0.18,0.23,0.16,0.08,0,0.4
2023-12-01,351,"petit/e","descriptive_words",0.02,0,0.11,0.04,0.03,0,0.5,0
2023-12-01,352,"propre","descriptive_words",0.04,0.25,0.14,0.12,0.15,0.04,0.5,0.2
2023-12-01,353,"rouge","descriptive_words",0.06,0,0,0.15,0.05,0,0.5,0
2023-12-01,354,"sale","descriptive_words",0.13,0.25,0.14,0.19,0.27,0,0.5,0.6
2023-12-01,355,"sec/che","descriptive_words",0.04,0,0,0.04,0.03,0,0.5,0
2023-12-01,356,"sombre","descriptive_words",0.04,0,0,0.04,0.03,0,0.5,0.2
2023-12-01,357,"tendre","descriptive_words",0,0,0,0.08,0.03,0,0,0
2023-12-01,358,"vide","descriptive_words",0.02,0.25,0.04,0.19,0.1,0.04,0,0
2023-12-01,359,"vieux/vieille","descriptive_words",0.02,0,0,0.04,0.03,0,0,0
2023-12-01,360,"vilain/e","descriptive_words",0.13,0,0.04,0.23,0.15,0,0,0.2
2023-12-01,361,"vite","descriptive_words",0.04,0,0.07,0.15,0.08,0.04,0.5,0.4
2023-12-01,362,"aider","action_words",0.02,0.25,0.04,0.04,0.07,0,0.5,0.4
2023-12-01,363,"aimer","action_words",0.09,0.25,0.14,0.12,0.15,0,0.5,0.2
2023-12-01,364,"aller","action_words",0.06,0.25,0.21,0.15,0.19,0.08,0.5,0.4
2023-12-01,365,"apporter","action_words",0,0,0.07,0.15,0.2,0.17,0.5,0.4
2023-12-01,366,"arrêter","action_words",0.06,0.25,0.32,0.27,0.24,0.21,0.5,0.6
2023-12-01,367,"avoir sommeil","action_words",0.21,0.25,0.18,0.46,0.27,0.08,0.5,0.4
2023-12-01,368,"balancer","action_words",0.02,0,0.04,0,0.03,0.04,0.5,0.2
2023-12-01,369,"boire","action_words",0.17,0.25,0.32,0.38,0.38,0.5,0.5,0.4
2023-12-01,370,"casser","action_words",0.04,0.25,0.07,0.04,0.16,0.04,0.5,0
2023-12-01,371,"chanter","action_words",0.04,0.25,0.21,0.23,0.24,0.08,0.5,0.2
2023-12-01,372,"chatouiller","action_words",0.11,0,0.18,0.19,0.13,0.08,0.5,0.4
2023-12-01,373,"conduire","action_words",0.02,0.25,0,0,0.02,0,0,0
2023-12-01,374,"courir","action_words",0.02,0,0,0.15,0.09,0.04,0.5,0.2
2023-12-01,375,"danser","action_words",0.04,0,0.18,0.38,0.34,0.29,0.5,0.6
2023-12-01,376,"dessiner","action_words",0.04,0,0.04,0.08,0.12,0.04,0,0.6
2023-12-01,377,"dire","action_words",0.02,0.25,0.18,0.08,0.09,0,0.5,0.2
2023-12-01,378,"donner","action_words",0.04,0,0.25,0.23,0.23,0,0.5,0.2
2023-12-01,379,"donner un coup de pied","action_words",0.06,0,0,0.08,0.05,0,0.5,0
2023-12-01,380,"dormir","action_words",0.09,0,0.32,0.23,0.35,0.25,0.5,0.6
2023-12-01,381,"éclabousser","action_words",0.04,0,0.07,0.04,0.05,0.04,0.5,0.2
2023-12-01,382,"écrire","action_words",0,0.25,0,0.08,0.01,0,0.5,0
2023-12-01,383,"essuyer","action_words",0,0,0.07,0,0.09,0,0.5,0.2
2023-12-01,384,"faire du vélo/de la moto","action_words",0,0,0.07,0.08,0.05,0,0,0.2
2023-12-01,385,"faire un bisou","action_words",0.13,0,0.43,0.19,0.36,0.38,0.5,0.4
2023-12-01,386,"fermer","action_words",0,0.25,0.11,0.19,0.22,0.25,0.5,0.4
2023-12-01,387,"finir","action_words",0.02,0,0.11,0.08,0.07,0,0.5,0.2
2023-12-01,388,"jeter","action_words",0.04,0,0.21,0.15,0.2,0.17,0.5,0.2
2023-12-01,389,"jouer","action_words",0.09,0.25,0.32,0.31,0.15,0,0.5,0.4
2023-12-01,390,"laver","action_words",0.06,0.25,0.29,0.15,0.24,0.17,0.5,0.2
2023-12-01,391,"lire","action_words",0.02,0.25,0.36,0.35,0.26,0.08,0.5,0.2
2023-12-01,392,"manger","action_words",0.19,0.25,0.32,0.38,0.51,0.67,0.5,0.6
2023-12-01,393,"marcher","action_words",0.04,0.25,0.21,0.19,0.28,0.33,0.5,0.4
2023-12-01,394,"mettre","action_words",0.02,0,0.07,0.12,0.15,0.17,0.5,0.4
2023-12-01,395,"montrer","action_words",0.02,0.25,0.18,0.15,0.17,0.12,0.5,0.2
2023-12-01,396,"mordre","action_words",0.02,0,0.07,0.08,0.14,0.12,0.5,0.2
2023-12-01,397,"nager","action_words",0,0.25,0.04,0.04,0.03,0,0,0.2
2023-12-01,398,"nettoyer","action_words",0.02,0,0.04,0.08,0.14,0.08,0.5,0.4
2023-12-01,399,"nourrir","action_words",0.02,0,0.04,0.04,0.05,0.04,0.5,0.4
2023-12-01,400,"ouvrir","action_words",0.02,0.25,0.18,0.15,0.17,0.21,0.5,0.2
2023-12-01,401,"pleurer","action_words",0.04,0.25,0.29,0.12,0.21,0.08,0.5,0.4
2023-12-01,402,"pousser","action_words",0.04,0,0.04,0.12,0.15,0.12,0.5,0.2
2023-12-01,403,"prendre","action_words",0.09,0.25,0.29,0.19,0.2,0,0.5,0.4
2023-12-01,404,"prendre dans ses bras","action_words",0.11,0,0.32,0.27,0.28,0.25,0.5,0.2
2023-12-01,405,"recevoir","action_words",0.04,0.25,0,0.04,0.01,0,0,0
2023-12-01,406,"regarder","action_words",0.11,0.25,0.32,0.19,0.33,0.25,0.5,0.6
2023-12-01,407,"sauter","action_words",0.02,0,0.11,0,0.06,0.08,0,0
2023-12-01,408,"se cogner","action_words",0.04,0.25,0.18,0.12,0.15,0.08,0.5,0.2
2023-12-01,409,"se dépêcher","action_words",0.02,0,0.04,0.04,0.07,0,0.5,0.2
2023-12-01,410,"souffler","action_words",0.02,0,0.11,0,0.15,0.29,0.5,0.6
2023-12-01,411,"sourire","action_words",0.06,0.25,0.14,0.15,0.16,0.12,0.5,0.4
2023-12-01,412,"taper","action_words",0.09,0,0.25,0.23,0.31,0.21,0.5,0.2
2023-12-01,413,"tirer","action_words",0.02,0,0.11,0,0.05,0.12,0.5,0
2023-12-01,414,"tomber","action_words",0.04,0,0.11,0.15,0.24,0.21,0.5,0.4
2023-12-01,415,"toucher","action_words",0.09,0.25,0.25,0.23,0.26,0.12,0.5,0.4
2023-12-01,416,"voir","action_words",0,0.25,0.14,0.08,0.13,0.08,0.5,0.2
2023-12-01,417,"aujourd'hui","time_words",0.15,0,0.04,0.23,0.13,0.08,0.5,0.4
2023-12-01,418,"ce soir","time_words",0.11,0,0.07,0.27,0.17,0.04,0.5,0.6
2023-12-01,419,"demain","time_words",0.02,0,0.04,0,0.06,0.08,0.5,0.2
2023-12-01,420,"jour","time_words",0.02,0.25,0.07,0,0.08,0.04,0.5,0.2
2023-12-01,421,"maintenant","time_words",0,0.25,0,0.04,0.03,0.04,0.5,0
2023-12-01,422,"matin","time_words",0.15,0.25,0.04,0.27,0.16,0.04,0.5,0.2
2023-12-01,423,"nuit","time_words",0.06,0.25,0.11,0.04,0.15,0.08,0.5,0.2
2023-12-01,424,"dans","prepositions",0,0.25,0.11,0.04,0.12,0.17,0.5,0.2
2023-12-01,425,"dedans","prepositions",0,0,0.07,0.08,0.08,0,0.5,0
2023-12-01,426,"dehors","prepositions",0.04,0,0.07,0.19,0.09,0.04,0,0.2
2023-12-01,427,"derrière","prepositions",0.04,0,0.04,0.04,0.09,0.08,0.5,0.4
2023-12-01,428,"en bas","prepositions",0,0.25,0.04,0.04,0.06,0,0,0.2
2023-12-01,429,"en haut","prepositions",0.15,0.25,0.04,0.19,0.14,0.04,0,0.6
2023-12-01,430,"là","prepositions",0.02,0.25,0.25,0.15,0.28,0.25,0.5,0.2
2023-12-01,431,"là-bas","prepositions",0.06,0.25,0.07,0.19,0.13,0.17,0.5,0
2023-12-01,432,"loin","prepositions",0.04,0,0,0,0.01,0.04,0,0.2
2023-12-01,433,"sous","prepositions",0,0.25,0.04,0,0.08,0.04,0.5,0.2
2023-12-01,434,"sur","prepositions",0,0,0.04,0.08,0.07,0.12,0.5,0
2023-12-01,435,"à elle/sa","pronouns",0.02,0.25,0.07,0.12,0.08,0.12,0,0.4
2023-12-01,436,"à lui/son","pronouns",0.04,0.25,0.07,0.08,0.06,0.12,0,0.4
2023-12-01,437,"à moi","pronouns",0.02,0.25,0.11,0.04,0.02,0,0.5,0
2023-12-01,438,"ça","pronouns",0.04,0.25,0.14,0.08,0.08,0.04,0.5,0.2
2023-12-01,439,"je","pronouns",0,0.25,0.11,0,0.07,0,0.5,0.4
2023-12-01,440,"ma/mon/mes","pronouns",0.06,0,0.11,0.08,0.15,0.04,0,0.4
2023-12-01,441,"moi","pronouns",0.02,0,0.14,0.08,0.12,0.04,0.5,0.2
2023-12-01,442,"votre/ta/ton","pronouns",0,0,0.14,0.04,0.05,0,0,0.2
2023-12-01,443,"vous/tu","pronouns",0.04,0,0.11,0.19,0.1,0,0.5,0.4
2023-12-01,444,"comment","question_words",0.02,0,0,0.04,0.05,0,0,0
2023-12-01,445,"où","question_words",0.04,0.25,0.18,0.19,0.2,0.21,0.5,0.2
2023-12-01,446,"pourquoi","question_words",0.02,0,0.04,0,0.02,0,0,0
2023-12-01,447,"quand","question_words",0.02,0.25,0,0,0.01,0,0,0.2
2023-12-01,448,"qui","question_words",0.06,0.25,0.14,0.12,0.08,0,0,0.2
2023-12-01,449,"quoi","question_words",0.02,0.25,0.11,0.04,0.07,0,0,0
2023-12-01,450,"aucun/ne","quantifiers",0,0,0,0,0,0,0,0.2
2023-12-01,451,"encore","quantifiers",0.06,0,0.21,0.12,0.28,0.42,0,0.4
2023-12-01,452,"le/la même","quantifiers",0,0,0.04,0,0.06,0.04,0,0.4
2023-12-01,453,"pas","quantifiers",0.02,0.25,0.11,0.12,0.15,0.08,0.5,0.2
2023-12-01,454,"tous/tout","quantifiers",0.02,0,0,0,0.02,0,0,0.2
2023-12-01,455,"un autre","quantifiers",0,0,0.07,0.04,0.08,0.17,0,0.2
2023-12-01,456,"un peu","quantifiers",0.02,0.25,0.07,0.08,0.09,0.08,0.5,0.2
2023-12-01,519,"bateau","vehicles",0,0,0,0,0.05,0.04,0,0
2023-12-01,520,"hélicoptère","vehicles",0,0,0,0,0.01,0,0,0
2023-12-01,521,"traîneau","vehicles",0,0,0,0,0,0,0,0
2023-12-01,522,"tracteur","vehicles",0,0,0,0,0,0.04,0,0
2023-12-01,523,"tricycle","vehicles",0,0,0,0,0,0,0,0
2023-12-01,524,"stylo","toys",0,0,0,0,0.02,0.04,0,0
2023-12-01,525,"jouet","toys",0,0,0,0,0.1,0.25,0,0
2023-12-01,526,"raquette","toys",0,0,0,0,0,0,0,0
2023-12-01,527,"craie","toys",0,0,0,0,0,0,0,0
2023-12-01,528,"jeu","toys",0,0,0,0,0.03,0.04,0,0
2023-12-01,529,"colle","toys",0,0,0,0,0.01,0,0,0
2023-12-01,530,"pâte à modeler","toys",0,0,0,0,0.01,0.04,0,0
2023-12-01,531,"cadeau","toys",0,0,0,0,0.03,0,0,0
2023-12-01,532,"puzzle","toys",0,0,0,0,0.03,0,0,0
2023-12-01,533,"histoire","toys",0,0,0,0,0.12,0.17,0,0
2023-12-01,534,"feutre","toys",0,0,0,0,0.01,0,0,0
2023-12-01,535,"crocodile","animals",0,0,0,0,0.09,0.12,0,0
2023-12-01,536,"fourmi","animals",0,0,0,0,0.02,0.04,0,0
2023-12-01,537,"renne","animals",0,0,0,0,0,0,0,0
2023-12-01,538,"coq","animals",0,0,0,0,0.03,0,0,0
2023-12-01,539,"loup","animals",0,0,0,0,0.03,0.12,0,0
2023-12-01,540,"zèbre","animals",0,0,0,0,0.01,0,0,0
2023-12-01,541,"petits pots","food_drink",0,0,0,0,0.14,0.08,0,0
2023-12-01,542,"thon","food_drink",0,0,0,0,0,0,0,0
2023-12-01,543,"kiwi","food_drink",0,0,0,0,0.03,0.04,0,0
2023-12-01,544,"compote","food_drink",0,0,0,0,0.21,0.42,0,0
2023-12-01,545,"haricot","food_drink",0,0,0,0,0.02,0.04,0,0
2023-12-01,546,"chocolat","food_drink",0,0,0,0,0.06,0.04,0,0
2023-12-01,547,"coca","food_drink",0,0,0,0,0,0,0,0
2023-12-01,548,"maïs","food_drink",0,0,0,0,0,0.04,0,0
2023-12-01,549,"beignet","food_drink",0,0,0,0,0,0,0,0
2023-12-01,550,"frites","food_drink",0,0,0,0,0.01,0.04,0,0
2023-12-01,551,"haricots verts","food_drink",0,0,0,0,0,0.04,0,0
2023-12-01,552,"chewing-gum","food_drink",0,0,0,0,0,0,0,0
2023-12-01,553,"hamburger","food_drink",0,0,0,0,0,0,0,0
2023-12-01,554,"glaçon","food_drink",0,0,0,0,0,0,0,0
2023-12-01,555,"vitamines","food_drink",0,0,0,0,0.05,0.04,0,0
2023-12-01,556,"bonbons","food_drink",0,0,0,0,0,0,0,0
2023-12-01,557,"confiture","food_drink",0,0,0,0,0.01,0,0,0
2023-12-01,558,"yaourt","food_drink",0,0,0,0,0.2,0.21,0,0
2023-12-01,559,"sucette","food_drink",0,0,0,0,0,0.04,0,0
2023-12-01,560,"melon","food_drink",0,0,0,0,0.01,0.04,0,0
2023-12-01,561,"madeleine","food_drink",0,0,0,0,0.01,0,0,0
2023-12-01,562,"noisettes","food_drink",0,0,0,0,0,0,0,0
2023-12-01,563,"crêpe","food_drink",0,0,0,0,0.01,0,0,0
2023-12-01,564,"nutella","food_drink",0,0,0,0,0.01,0,0,0
2023-12-01,565,"mayonnaise","food_drink",0,0,0,0,0,0,0,0
2023-12-01,566,"pop-corn","food_drink",0,0,0,0,0,0,0,0
2023-12-01,567,"esquimau","food_drink",0,0,0,0,0,0,0,0
2023-12-01,568,"pomme de terre","food_drink",0,0,0,0,0.03,0,0,0
2023-12-01,569,"chips","food_drink",0,0,0,0,0,0,0,0
2023-12-01,570,"bretzel","food_drink",0,0,0,0,0,0,0,0
2023-12-01,571,"flan","food_drink",0,0,0,0,0,0,0,0
2023-12-01,572,"courge","food_drink",0,0,0,0,0,0,0,0
2023-12-01,573,"raisins secs","food_drink",0,0,0,0,0,0,0,0
2023-12-01,574,"sel","food_drink",0,0,0,0,0,0,0,0
2023-12-01,575,"sandwich","food_drink",0,0,0,0,0,0,0,0
2023-12-01,576,"sauce","food_drink",0,0,0,0,0,0,0,0
2023-12-01,577,"limonade","food_drink",0,0,0,0,0,0,0,0
2023-12-01,578,"fraise","food_drink",0,0,0,0,0,0.04,0,0
2023-12-01,579,"vanille","food_drink",0,0,0,0,0,0,0,0
2023-12-01,580,"genouillère","clothing",0,0,0,0,0,0,0,0
2023-12-01,581,"aïe","body_parts",0,0,0,0,0.09,0.17,0,0
2023-12-01,582,"bobo","body_parts",0,0,0,0,0.06,0.08,0,0
2023-12-01,583,"cheville","body_parts",0,0,0,0,0,0,0,0
2023-12-01,584,"fesses","body_parts",0,0,0,0,0.03,0.04,0,0
2023-12-01,585,"menton","body_parts",0,0,0,0,0.01,0,0,0
2023-12-01,586,"lèvre","body_parts",0,0,0,0,0,0,0,0
2023-12-01,587,"pénis/zizi…","body_parts",0,0,0,0,0.02,0.04,0,0
2023-12-01,588,"vagin/zezette…","body_parts",0,0,0,0,0.01,0,0,0
2023-12-01,589,"cuisine","furniture_rooms",0,0,0,0,0.13,0.25,0,0
2023-12-01,590,"étendage","furniture_rooms",0,0,0,0,0.01,0,0,0
2023-12-01,591,"entrée","furniture_rooms",0,0,0,0,0.01,0,0,0
2023-12-01,592,"douche","furniture_rooms",0,0,0,0,0.03,0.08,0,0
2023-12-01,593,"pièce","furniture_rooms",0,0,0,0,0.01,0,0,0
2023-12-01,594,"cave","furniture_rooms",0,0,0,0,0,0,0,0
2023-12-01,595,"banc","furniture_rooms",0,0,0,0,0,0,0,0
2023-12-01,596,"wc","furniture_rooms",0,0,0,0,0.02,0.04,0,0
2023-12-01,597,"machine à laver","furniture_rooms",0,0,0,0,0.07,0.08,0,0
2023-12-01,598,"les courses","games_routines",0,0,0,0,0.05,0,0,0
2023-12-01,599,"goûter","games_routines",0,0,0,0,0.1,0.21,0,0
2023-12-01,600,"coup de fil","games_routines",0,0,0,0,0.01,0,0,0
2023-12-01,601,"top là","games_routines",0,0,0,0,0.06,0.08,0,0
2023-12-01,602,"je vais t'attraper","games_routines",0,0,0,0,0.13,0.29,0,0
2023-12-01,603,"va sur le pot","games_routines",0,0,0,0,0,0,0,0
2023-12-01,604,"tourne-toi","games_routines",0,0,0,0,0.05,0.04,0,0
2023-12-01,605,"ce petit cochon","games_routines",0,0,0,0,0.01,0,0,0
2023-12-01,606,"camping","places",0,0,0,0,0,0,0,0
2023-12-01,607,"cirque","places",0,0,0,0,0,0,0,0
2023-12-01,608,"campagne","places",0,0,0,0,0,0.04,0,0
2023-12-01,609,"Centre-ville","places",0,0,0,0,0.01,0,0,0
2023-12-01,610,"ferme","places",0,0,0,0,0,0,0,0
2023-12-01,611,"station service","places",0,0,0,0,0,0,0,0
2023-12-01,612,"cinéma","places",0,0,0,0,0,0,0,0
2023-12-01,613,"pique-nique","places",0,0,0,0,0,0,0,0
2023-12-01,614,"terrain de jeux","places",0,0,0,0,0.01,0,0,0
2023-12-01,615,"forêt","places",0,0,0,0,0,0,0,0
2023-12-01,616,"au sujet de","prepositions",0,0,0,0,0,0,0,0
2023-12-01,617,"au dessus de","prepositions",0,0,0,0,0.02,0.04,0,0
2023-12-01,618,"autour de","prepositions",0,0,0,0,0.01,0,0,0
2023-12-01,619,"à","prepositions",0,0,0,0,0,0.04,0,0
2023-12-01,620,"à côté de","prepositions",0,0,0,0,0.03,0.04,0,0
2023-12-01,621,"chez","prepositions",0,0,0,0,0,0,0,0
2023-12-01,622,"pour","prepositions",0,0,0,0,0,0,0,0
2023-12-01,623,"ici","prepositions",0,0,0,0,0.03,0.12,0,0
2023-12-01,624,"à l'intérieur de","prepositions",0,0,0,0,0.05,0,0,0
2023-12-01,625,"près de","prepositions",0,0,0,0,0,0,0,0
2023-12-01,626,"de","prepositions",0,0,0,0,0,0,0,0
2023-12-01,627,"au loin","prepositions",0,0,0,0,0,0,0,0
2023-12-01,628,"au sommet de","prepositions",0,0,0,0,0,0,0,0
2023-12-01,629,"par dessus","prepositions",0,0,0,0,0.02,0,0,0
2023-12-01,630,"vers","prepositions",0,0,0,0,0,0,0,0
2023-12-01,631,"avec","prepositions",0,0,0,0,0.01,0,0,0
2023-12-01,632,"le/la/les/quel(les)","question_words",0,0,0,0,0.01,0,0,0
2023-12-01,633,"aucun/e","quantifiers",0,0,0,0,0.01,0,0,0
2023-12-01,634,"un/une","quantifiers",0,0,0,0,0.01,0.08,0,0
2023-12-01,635,"plein/beaucoup","quantifiers",0,0,0,0,0.03,0.08,0,0
2023-12-01,636,"du/de la/des","quantifiers",0,0,0,0,0.01,0,0,0
2023-12-01,637,"chaque","quantifiers",0,0,0,0,0,0,0,0
2023-12-01,638,"autre","quantifiers",0,0,0,0,0.02,0,0,0
2023-12-01,639,"aussi","quantifiers",0,0,0,0,0.01,0,0,0
2023-12-01,640,"le/la/les","quantifiers",0,0,0,0,0.01,0.04,0,0
2023-12-01,641,"Il","pronouns",0,0,0,0,0.01,0,0,0
2023-12-01,642,"ses","pronouns",0,0,0,0,0.01,0,0,0
2023-12-01,643,"lui","pronouns",0,0,0,0,0.01,0.04,0,0
2023-12-01,644,"moi-même","pronouns",0,0,0,0,0,0,0,0
2023-12-01,645,"notre","pronouns",0,0,0,0,0.01,0,0,0
2023-12-01,646,"elle","pronouns",0,0,0,0,0.01,0.04,0,0
2023-12-01,647,"leur","pronouns",0,0,0,0,0.01,0,0,0
2023-12-01,648,"ces","pronouns",0,0,0,0,0.01,0,0,0
2023-12-01,649,"ils/elles","pronouns",0,0,0,0,0.01,0,0,0
2023-12-01,650,"ceux","pronouns",0,0,0,0,0.01,0,0,0
2023-12-01,651,"nous","pronouns",0,0,0,0,0.02,0,0,0
2023-12-01,652,"on","pronouns",0,0,0,0,0.01,0,0,0
2023-12-01,653,"toi-même","pronouns",0,0,0,0,0,0,0,0
2023-12-01,654,"après","time_words",0,0,0,0,0.02,0.04,0,0
2023-12-01,655,"avant","time_words",0,0,0,0,0.01,0,0,0
2023-12-01,656,"heure","time_words",0,0,0,0,0.01,0.04,0,0
2023-12-01,657,"hier","time_words",0,0,0,0,0.01,0,0,0
2023-12-01,658,"et","connecting_words",0,0,0,0,0.01,0,0,0
2023-12-01,659,"parce que","connecting_words",0,0,0,0,0.01,0,0,0
2023-12-01,660,"mais","connecting_words",0,0,0,0,0.01,0,0,0
2023-12-01,661,"si","connecting_words",0,0,0,0,0.01,0.04,0,0
2023-12-01,662,"donc","connecting_words",0,0,0,0,0.01,0,0,0
2023-12-01,663,"alors","connecting_words",0,0,0,0,0.01,0,0,0
2023-12-01,664,"rocher","outside",0,0,0,0,0.01,0,0,0
2023-12-01,665,"nuage","outside",0,0,0,0,0,0,0,0
2023-12-01,666,"drapeau","outside",0,0,0,0,0,0,0,0
2023-12-01,667,"herbe","outside",0,0,0,0,0.05,0.04,0,0
2023-12-01,668,"tuyau","outside",0,0,0,0,0,0,0,0
2023-12-01,669,"échelle","outside",0,0,0,0,0,0,0,0
2023-12-01,670,"tondeuse à gazon","outside",0,0,0,0,0.01,0,0,0
2023-12-01,671,"toit","outside",0,0,0,0,0,0,0,0
2023-12-01,672,"bac à sable","outside",0,0,0,0,0.06,0,0,0
2023-12-01,673,"trottoir","outside",0,0,0,0,0.03,0,0,0
2023-12-01,674,"bonhomme de neige","outside",0,0,0,0,0,0,0,0
2023-12-01,675,"arrosoir","outside",0,0,0,0,0,0.04,0,0
2023-12-01,676,"bâton","outside",0,0,0,0,0.01,0,0,0
2023-12-01,677,"pierre","outside",0,0,0,0,0.01,0,0,0
2023-12-01,678,"rue/route","outside",0,0,0,0,0.02,0,0,0
2023-12-01,679,"vent","outside",0,0,0,0,0.02,0.04,0,0
2023-12-01,680,"monsieur","people",0,0,0,0,0.01,0.04,0,0
2023-12-01,681,"clown","people",0,0,0,0,0,0,0,0
2023-12-01,682,"docteur","people",0,0,0,0,0.02,0.21,0,0
2023-12-01,683,"pompier","people",0,0,0,0,0.01,0,0,0
2023-12-01,684,"copain/ine","people",0,0,0,0,0.05,0.04,0,0
2023-12-01,685,"facteur","people",0,0,0,0,0.01,0,0,0
2023-12-01,686,"infirmière","people",0,0,0,0,0,0,0,0
2023-12-01,687,"police","people",0,0,0,0,0,0,0,0
2023-12-01,688,"nom de l'animal domestique","people",0,0,0,0,0.05,0.17,0,0
2023-12-01,689,"suis","helping_verbs",0,0,0,0,0.01,0,0,0
2023-12-01,690,"sont","helping_verbs",0,0,0,0,0.01,0,0,0
2023-12-01,691,"être","helping_verbs",0,0,0,0,0.01,0,0,0
2023-12-01,692,"est","helping_verbs",0,0,0,0,0.02,0,0,0
2023-12-01,693,"peux","helping_verbs",0,0,0,0,0.01,0.04,0,0
2023-12-01,694,"pourrait","helping_verbs",0,0,0,0,0,0,0,0
2023-12-01,695,"a fait","helping_verbs",0,0,0,0,0.02,0,0,0
2023-12-01,696,"faire","helping_verbs",0,0,0,0,0.02,0.04,0,0
2023-12-01,697,"fait","helping_verbs",0,0,0,0,0.03,0.04,0,0
2023-12-01,698,"ne pas","helping_verbs",0,0,0,0,0.07,0.17,0,0
2023-12-01,699,"devoir faire","helping_verbs",0,0,0,0,0.01,0,0,0
2023-12-01,700,"avoir à faire","helping_verbs",0,0,0,0,0,0,0,0
2023-12-01,701,"laisse-moi","helping_verbs",0,0,0,0,0.02,0,0,0
2023-12-01,702,"avoir besoin de","helping_verbs",0,0,0,0,0.02,0.04,0,0
2023-12-01,703,"essayer de","helping_verbs",0,0,0,0,0.01,0,0,0
2023-12-01,704,"vouloir","helping_verbs",0,0,0,0,0.01,0,0,0
2023-12-01,705,"était","helping_verbs",0,0,0,0,0,0,0,0
2023-12-01,706,"panier","household",0,0,0,0,0.01,0,0,0
2023-12-01,707,"seau","household",0,0,0,0,0.01,0,0,0
2023-12-01,708,"ordures","household",0,0,0,0,0,0,0,0
2023-12-01,709,"pot","household",0,0,0,0,0.02,0,0,0
2023-12-01,710,"couteau","household",0,0,0,0,0.03,0.04,0,0
2023-12-01,711,"serpillière","household",0,0,0,0,0.01,0,0,0
2023-12-01,712,"clou","household",0,0,0,0,0.01,0,0,0
2023-12-01,713,"serviette de table","household",0,0,0,0,0,0,0,0
2023-12-01,714,"cassette","household",0,0,0,0,0,0,0,0
2023-12-01,715,"mouchoir","household",0,0,0,0,0.06,0.17,0,0
2023-12-01,716,"plateau","household",0,0,0,0,0,0,0,0
2023-12-01,717,"trotteur","household",0,0,0,0,0,0,0,0
2023-12-01,718,"coussins","household",0,0,0,0,0.01,0.08,0,0
2023-12-01,719,"sac","household",0,0,0,0,0.05,0.04,0,0
2023-12-01,720,"être réveillé","descriptive_words",0,0,0,0,0.03,0.08,0,0
2023-12-01,721,"mieux","descriptive_words",0,0,0,0,0.01,0,0,0
2023-12-01,722,"noir","descriptive_words",0,0,0,0,0.01,0,0,0
2023-12-01,723,"marron","descriptive_words",0,0,0,0,0,0,0,0
2023-12-01,724,"premier/ère","descriptive_words",0,0,0,0,0.01,0,0,0
2023-12-01,725,"plein/ne","descriptive_words",0,0,0,0,0.01,0,0,0
2023-12-01,726,"vert/e","descriptive_words",0,0,0,0,0.01,0,0,0
2023-12-01,727,"lourd/e","descriptive_words",0,0,0,0,0.01,0,0,0
2023-12-01,728,"haut/e","descriptive_words",0,0,0,0,0.02,0,0,0
2023-12-01,729,"dernier/e","descriptive_words",0,0,0,0,0.01,0,0,0
2023-12-01,730,"long/ue","descriptive_words",0,0,0,0,0.01,0,0,0
2023-12-01,731,"fort/e","descriptive_words",0,0,0,0,0.01,0,0,0
2023-12-01,732,"fou/folle","descriptive_words",0,0,0,0,0.01,0.04,0,0
2023-12-01,733,"neuf/ve","descriptive_words",0,0,0,0,0.01,0,0,0
2023-12-01,734,"bruyant/e","descriptive_words",0,0,0,0,0,0,0,0
2023-12-01,735,"orange","descriptive_words",0,0,0,0,0,0,0,0
2023-12-01,736,"tranquille","descriptive_words",0,0,0,0,0.01,0,0,0
2023-12-01,737,"triste","descriptive_words",0,0,0,0,0.05,0,0,0
2023-12-01,738,"lent/e","descriptive_words",0,0,0,0,0.01,0,0,0
2023-12-01,739,"collant/e","descriptive_words",0,0,0,0,0.02,0,0,0
2023-12-01,740,"minuscule","descriptive_words",0,0,0,0,0,0.04,0,0
2023-12-01,741,"blanc/he","descriptive_words",0,0,0,0,0,0,0,0
2023-12-01,742,"venteux","descriptive_words",0,0,0,0,0,0,0,0
2023-12-01,743,"jaune","descriptive_words",0,0,0,0,0.02,0,0,0
2023-12-01,744,"coquin/e","descriptive_words",0,0,0,0,0.05,0.12,0,0
2023-12-01,745,"coincé","descriptive_words",0,0,0,0,0.02,0,0,0
2023-12-01,746,"finir recevoir","action_words",0,0,0,0,0,0.04,0,0
2023-12-01,747,"donner aller","action_words",0,0,0,0,0.1,0.25,0,0
2023-12-01,748,"construire","action_words",0,0,0,0,0.01,0,0,0
2023-12-01,749,"acheter","action_words",0,0,0,0,0.01,0,0,0
2023-12-01,750,"porter","action_words",0,0,0,0,0.02,0.04,0,0
2023-12-01,751,"attraper","action_words",0,0,0,0,0.02,0.12,0,0
2023-12-01,752,"courir après","action_words",0,0,0,0,0.02,0,0,0
2023-12-01,753,"faire bravo","action_words",0,0,0,0,0.2,0.46,0,0
2023-12-01,754,"sécher","action_words",0,0,0,0,0.02,0,0,0
2023-12-01,755,"déposer","action_words",0,0,0,0,0,0,0,0
2023-12-01,756,"trouver","action_words",0,0,0,0,0.01,0,0,0
2023-12-01,757,"aller bien avec","action_words",0,0,0,0,0.01,0,0,0
2023-12-01,758,"réparer","action_words",0,0,0,0,0.01,0,0,0
2023-12-01,759,"détester","action_words",0,0,0,0,0,0,0,0
2023-12-01,760,"avoir","action_words",0,0,0,0,0.01,0,0,0
2023-12-01,761,"entendre","action_words",0,0,0,0,0.06,0.08,0,0
2023-12-01,762,"cacher","action_words",0,0,0,0,0.07,0.33,0,0
2023-12-01,763,"tenir","action_words",0,0,0,0,0.06,0.17,0,0
2023-12-01,764,"couper","action_words",0,0,0,0,0.02,0,0,0
2023-12-01,765,"frapper à la porte","action_words",0,0,0,0,0.02,0.04,0,0
2023-12-01,766,"lécher","action_words",0,0,0,0,0.01,0,0,0
2023-12-01,767,"aimer bien","action_words",0,0,0,0,0.01,0.04,0,0
2023-12-01,768,"écouter","action_words",0,0,0,0,0.07,0.17,0,0
2023-12-01,769,"faire","action_words",0,0,0,0,0.01,0,0,0
2023-12-01,770,"ramasser","action_words",0,0,0,0,0.02,0.08,0,0
2023-12-01,771,"faire de la peinture","action_words",0,0,0,0,0,0,0,0
2023-12-01,772,"renverser","action_words",0,0,0,0,0.01,0,0,0
2023-12-01,773,"verser","action_words",0,0,0,0,0,0,0,0
2023-12-01,774,"faire semblant","action_words",0,0,0,0,0,0.04,0,0
2023-12-01,775,"goutter","action_words",0,0,0,0,0.03,0.21,0,0
2023-12-01,776,"déchirer","action_words",0,0,0,0,0.02,0,0,0
2023-12-01,777,"secouer","action_words",0,0,0,0,0.01,0,0,0
2023-12-01,778,"partager","action_words",0,0,0,0,0.01,0.04,0,0
2023-12-01,779,"s'asseoir","action_words",0,0,0,0,0.13,0.21,0,0
2023-12-01,780,"faire du patin","action_words",0,0,0,0,0,0,0,0
2023-12-01,781,"glisser","action_words",0,0,0,0,0,0,0,0
2023-12-01,782,"travailler","action_words",0,0,0,0,0.01,0,0,0
2023-12-01,783,"souhaiter","action_words",0,0,0,0,0.01,0,0,0
2023-12-01,784,"être debout","action_words",0,0,0,0,0.08,0.08,0,0
2023-12-01,785,"rester","action_words",0,0,0,0,0.01,0,0,0
2023-12-01,786,"balayer","action_words",0,0,0,0,0.01,0,0,0
2023-12-01,787,"parler","action_words",0,0,0,0,0.02,0,0,0
2023-12-01,788,"goûter","action_words",0,0,0,0,0.06,0.04,0,0
2023-12-01,789,"arracher","action_words",0,0,0,0,0.01,0,0,0
2023-12-01,790,"penser","action_words",0,0,0,0,0.01,0,0,0
2023-12-01,791,"attendre","action_words",0,0,0,0,0.03,0.12,0,0
2023-12-01,792,"se réveiller","action_words",0,0,0,0,0.02,0.04,0,0
2023-12-01,793,"couvrir","action_words",0,0,0,0,0.01,0,0,0
2023-12-01,794,"grimper","action_words",0,0,0,0,0.02,0.12,0,0
2023-12-01,795,"cuisiner","action_words",0,0,0,0,0.01,0,0,0
